{"Fid":"eLJPkSNoS2u9ewt5d2-mjy","Status":3,"AuthToken":"eyJhbGciOiJFUzI1NiIsInR5cCI6IkpXVCJ9.eyJhcHBJZCI6IjE6MzU0ODAwNjQ1MzI5OmFuZHJvaWQ6NGM2NjY0NGY4NDc1MTUwYiIsImV4cCI6MTc1NjY5NDU2NCwiZmlkIjoiZUxKUGtTTm9TMnU5ZXd0NWQyLW1qeSIsInByb2plY3ROdW1iZXIiOjM1NDgwMDY0NTMyOX0.AB2LPV8wRgIhANll8ZNu2nXy3s2crkj2m3594g5-5TrNaiNC3_BxO_12AiEA61l3AcXUGD7Pc4ZDzenOkrd0tjVM-81qBzFd0rCpXUc","RefreshToken":"3_AS3qfwJREK8WOExuZJ1mrdSErUeG1sqa4MRx0s-KDjfWTUrFJSPSHPT9BwCIbgMIztSoJB-402EbpWyBfKuOd8I2f70wQT5qEmdyluJCZu4-Hg","TokenCreationEpochInSecs":1756109564,"ExpiresInSecs":604800}